{
  "years": [
    2003,
    2004,
    2005,
    2006,
    2007,
    2008,
    2009,
    2010,
    2011,
    2012,
    2013,
    2014,
    2015,
    2016,
    2017,
    2018,
    2019,
    2020,
    2021,
    2022,
    2023,
    2024
  ],
  "avg_salaries": [
    41304.95180373832,
    42967.51968600185,
    44939.205830388804,
    41317.91850694149,
    44459.152539218485,
    48453.41739464749,
    44988.880866730906,
    44782.34981775983,
    46696.917727411535,
    47693.25119360448,
    49358.288632163225,
    48911.14753796873,
    51935.91406617708,
    55396.64752235328,
    59116.26058162994,
    64164.264620275186,
    68293.96814198795,
    71396.26042859875,
    81753.86776352936,
    90154.69088032583,
    97731.86402465268,
    109133.64426062102
  ],
  "prof_salaries": [
    24160.35,
    36949.79375,
    37771.351851851854,
    46563.08732971698,
    56128.224295156695,
    56057.10710800781,
    53732.75304659498,
    53418.93163580247,
    57154.20844484004,
    63398.20278970703,
    69998.3525008365,
    69130.22962527137,
    76476.07579730154,
    83118.7047833998,
    89094.70193987049,
    104232.22742553639,
    106868.83331239512,
    117025.71302576008,
    139423.7475110681,
    158633.08123442283,
    159807.53316552864,
    176901.5665189105
  ],
  "vacancy_counts": [
    1983,
    7833,
    16022,
    33321,
    53550,
    74980,
    52682,
    93210,
    141633,
    172897,
    232082,
    257071,
    281405,
    328590,
    387756,
    513807,
    532597,
    608780,
    939803,
    884817,
    706928,
    554593
  ],
  "prof_vacancy_counts": [
    5,
    17,
    62,
    313,
    504,
    770,
    454,
    1069,
    1719,
    2280,
    2852,
    2859,
    3312,
    4208,
    5713,
    7373,
    7325,
    7639,
    10733,
    8681,
    6202,
    4764
  ]
}