{
  "cities": [
    "цхинвал",
    "кишинёв",
    "тбилиси",
    "мурино",
    "петропавловск-камчатский",
    "луцк",
    "сургут",
    "сухой лог",
    "батуми",
    "адлер"
  ],
  "all_salaries": [
    112819.4375,
    113494.55008064517,
    254797.47838174575,
    82484.22535211267,
    67939.05983772343,
    85423.80322429907,
    58938.83784983961,
    42658.02716049383,
    231624.5832607709,
    63208.14724540902
  ],
  "csharp_salaries": [
    492362.0,
    250346.0,
    234777.43804347827,
    225000.0,
    223333.33333333334,
    221960.5,
    215000.0,
    215000.0,
    207418.75,
    201666.66666666666
  ],
  "original_city_names": [
    "Цхинвал",
    "Кишинёв",
    "Тбилиси",
    "Мурино",
    "Петропавловск-Камчатский",
    "Луцк",
    "Сургут",
    "Сухой Лог",
    "Батуми",
    "Адлер"
  ]
}