{
  "cities": [
    "Москва",
    "Санкт-Петербург",
    "Новосибирск",
    "Минск",
    "Киев",
    "Нижний Новгород",
    "Екатеринбург",
    "Казань",
    "Ростов-на-Дону",
    "Самара"
  ],
  "shares": [
    35.3273137697517,
    13.462855403657393,
    4.420828366347934,
    3.080376391812717,
    3.077840058842925,
    2.661881451796992,
    2.6568087858574074,
    2.5109696400943515,
    1.7830420777639688,
    1.5243361148451569
  ],
  "vacancy_counts": [
    35.3273137697517,
    13.462855403657393,
    4.420828366347934,
    3.080376391812717,
    3.077840058842925,
    2.661881451796992,
    2.6568087858574074,
    2.5109696400943515,
    1.7830420777639688,
    1.5243361148451569
  ]
}