{
  "cities": [
    "Москва",
    "Санкт-Петербург",
    "Минск",
    "Новосибирск",
    "Екатеринбург",
    "Нижний Новгород",
    "Алматы",
    "Казань",
    "Киев",
    "Воронеж"
  ],
  "shares": [
    34.019681981984604,
    10.16629486034722,
    3.533056829650657,
    2.393235354854472,
    2.236727677805344,
    2.082372308524593,
    2.031458595706437,
    2.0023588129731804,
    1.8258986612063977,
    1.6294133216216766
  ],
  "vacancy_counts": [
    34.019681981984604,
    10.16629486034722,
    3.533056829650657,
    2.393235354854472,
    2.236727677805344,
    2.082372308524593,
    2.031458595706437,
    2.0023588129731804,
    1.8258986612063977,
    1.6294133216216766
  ]
}